Data,Ultimo,Apertura,Massimo,Minimo,Var. %
14.08.2026,"100,911","100,911","100,911","100,911","-0,01%"
13.08.2026,"100,920","100,920","100,920","100,920","+0,01%"
12.08.2026,"100,908","100,908","100,908","100,908","+0,02%"
11.08.2026,"100,890","100,890","100,890","100,890","-0,09%"
10.08.2026,"100,980","100,980","100,980","100,980","-6,12%"
07.08.2026,"100,955","100,954","101,000","100,954","-0,04%"
06.08.2026,"101,000","100,940","101,000","100,940","0,03%"
05.08.2026,"100,972","100,980","101,008","100,967","-0,01%"
04.08.2026,"100,981","100,943","101,049","100,943","0,03%"
03.08.2026,"100,953","100,982","101,009","100,946","0,00%"
31.07.2026,"100,951","100,979","101,010","100,943","-0,03%"
30.07.2026,"100,978","100,942","101,008","100,942","0,01%"
29.07.2026,"100,970","100,912","101,002","100,912","0,00%"
28.07.2026,"100,966","100,954","101,000","100,945","-0,02%"
27.07.2026,"100,985","100,953","101,040","100,953","0,03%"
24.07.2026,"100,953","100,969","100,999","100,900","0,04%"
23.07.2026,"100,916","100,930","100,974","100,910","-0,03%"
22.07.2026,"100,949","100,950","100,980","100,945","-0,02%"
21.07.2026,"100,971","100,981","101,011","100,960","-0,01%"
20.07.2026,"100,985","100,971","101,017","100,971","-0,01%"
17.07.2026,"100,996","101,014","101,030","100,980","-0,02%"
16.07.2026,"101,016","101,012","101,059","100,995","-0,01%"
15.07.2026,"101,025","101,042","101,048","101,011","-0,02%"
14.07.2026,"101,043","101,004","101,069","100,980","-0,01%"
13.07.2026,"101,051","101,090","101,096","101,047","-0,07%"
10.07.2026,"101,120","101,092","101,120","101,079","0,02%"
09.07.2026,"101,096","101,068","101,128","101,068","0,03%"
08.07.2026,"101,063","101,103","101,131","101,045","-0,10%"
07.07.2026,"101,161","101,180","101,201","101,161","-0,07%"
06.07.2026,"101,227","101,194","101,240","101,193","0,06%"
03.07.2026,"101,170","101,184","101,220","101,170","-0,03%"
02.07.2026,"101,204","101,164","101,263","101,164","0,01%"
01.07.2026,"101,194","101,141","101,194","101,141","0,01%"
30.06.2026,"101,180","101,180","101,226","101,178","0,00%"
29.06.2026,"101,178","101,175","101,199","101,175","-0,02%"
26.06.2026,"101,201","101,186","101,238","101,170","0,00%"
25.06.2026,"101,200","101,200","101,250","101,190","0,01%"
24.06.2026,"101,194","101,154","101,247","101,153","0,02%"
23.06.2026,"101,176","101,153","101,210","101,153","0,01%"
22.06.2026,"101,164","101,137","101,203","101,137","0,03%"
19.06.2026,"101,136","101,131","101,169","101,130","-0,03%"
18.06.2026,"101,165","101,160","101,179","101,136","-0,01%"
17.06.2026,"101,179","101,180","101,199","101,162","0,00%"
16.06.2026,"101,180","101,154","101,210","101,154","-0,01%"
15.06.2026,"101,192","101,181","101,230","101,142","0,03%"
12.06.2026,"101,160","101,140","101,200","101,131","0,03%"
11.06.2026,"101,131","101,099","101,177","101,065","0,02%"
10.06.2026,"101,112","101,120","101,190","101,111","-0,04%"
09.06.2026,"101,150","101,170","101,190","101,140","-0,04%"
08.06.2026,"101,190","101,220","101,220","101,110","0,04%"
05.06.2026,"101,150","101,220","101,240","101,150","-0,07%"
04.06.2026,"101,220","101,240","101,280","101,200","0,01%"
03.06.2026,"101,210","101,270","101,300","101,200","-0,07%"
02.06.2026,"101,280","101,290","101,330","101,280","0,02%"
01.06.2026,"101,260","101,300","101,340","101,260","-0,07%"
29.05.2026,"101,330","101,310","101,400","101,310","0,02%"
28.05.2026,"101,310","101,240","101,350","101,230","0,16%"
27.05.2026,"101,150","101,300","101,340","101,150","-0,14%"
26.05.2026,"101,290","101,270","101,340","101,250","-0,06%"
25.05.2026,"101,350","101,260","101,370","101,250","0,13%"
22.05.2026,"101,220","101,220","101,270","101,200","0,02%"
21.05.2026,"101,200","101,200","101,260","101,160","-0,03%"
20.05.2026,"101,230","101,170","101,270","101,170","0,09%"
19.05.2026,"101,140","101,180","101,230","101,140","-0,04%"
18.05.2026,"101,180","101,020","101,220","101,020","0,03%"
15.05.2026,"101,150","101,160","101,220","101,140","-0,05%"
14.05.2026,"101,200","101,200","101,250","101,180","0,02%"
13.05.2026,"101,180","101,160","101,220","101,150","0,03%"
12.05.2026,"101,150","101,100","101,210","101,100","-0,08%"
11.05.2026,"101,230","101,210","101,300","101,200","-0,03%"
08.05.2026,"101,260","101,250","101,350","101,250","-0,07%"
07.05.2026,"101,330","101,280","101,390","101,280","0,04%"
06.05.2026,"101,290","101,160","101,400","101,160","0,12%"
05.05.2026,"101,170","101,110","101,260","101,110","-0,02%"
04.05.2026,"101,190","101,160","101,290","101,030","-0,05%"
30.04.2026,"101,240","101,120","101,320","101,120","0,05%"
29.04.2026,"101,190","101,230","101,280","101,180","-0,09%"
28.04.2026,"101,280","101,300","101,340","101,260","-0,06%"
27.04.2026,"101,340","101,320","101,430","101,320","-0,03%"
24.04.2026,"101,370","101,310","101,400","101,270","0,00%"
23.04.2026,"101,370","101,330","101,400","101,320","-0,02%"
22.04.2026,"101,390","101,460","101,490","101,380","-0,03%"
21.04.2026,"101,420","101,500","101,550","101,420","-0,08%"
20.04.2026,"101,500","101,430","101,580","101,430","-0,06%"
17.04.2026,"101,560","101,350","101,610","101,350","0,14%"
16.04.2026,"101,420","101,440","101,490","101,420","-0,03%"
15.04.2026,"101,450","101,450","101,500","101,370","0,08%"
14.04.2026,"101,370","101,370","101,410","101,340","0,07%"
13.04.2026,"101,300","101,310","101,370","101,300","-0,08%"
10.04.2026,"101,380","101,400","101,460","101,360","-0,01%"
09.04.2026,"101,390","101,390","101,490","101,360","-0,07%"
08.04.2026,"101,460","101,390","101,550","101,370","0,28%"
07.04.2026,"101,180","101,210","101,360","101,180","-0,24%"
02.04.2026,"101,420","101,250","101,420","101,250","0,08%"
01.04.2026,"101,340","101,390","101,510","101,340","0,01%"
31.03.2026,"101,330","101,270","101,350","101,270","0,05%"
30.03.2026,"101,280","101,210","101,300","101,190","0,08%"
27.03.2026,"101,200","101,110","101,270","101,110","-0,02%"
26.03.2026,"101,220","101,270","101,340","101,220","-0,15%"
25.03.2026,"101,370","101,290","101,470","101,280","0,11%"
24.03.2026,"101,260","101,310","101,400","101,230","-0,11%"
23.03.2026,"101,370","100,670","101,530","100,670","0,08%"
20.03.2026,"101,290","101,470","101,510","101,270","-0,16%"
19.03.2026,"101,450","101,510","101,610","101,410","-0,19%"
18.03.2026,"101,640","101,710","101,780","101,620","-0,10%"
17.03.2026,"101,740","101,650","101,770","101,650","0,06%"
16.03.2026,"101,680","101,630","101,750","101,620","0,05%"
13.03.2026,"101,630","101,590","101,720","101,590","-0,09%"
12.03.2026,"101,720","101,650","101,850","101,620","0,00%"
11.03.2026,"101,720","101,770","101,880","101,720","-0,19%"
10.03.2026,"101,910","101,860","102,030","101,840","0,16%"
09.03.2026,"101,750","101,570","101,820","101,550","-0,08%"
06.03.2026,"101,830","101,950","102,010","101,740","-0,21%"
05.03.2026,"102,040","101,920","102,110","101,920","-0,03%"
04.03.2026,"102,070","101,980","102,130","101,980","0,06%"
03.03.2026,"102,010","102,160","102,170","102,000","-0,15%"
02.03.2026,"102,160","102,200","102,250","102,160","-0,09%"
27.02.2026,"102,250","102,250","102,270","102,220","0,00%"
26.02.2026,"102,250","102,230","102,270","102,220","-0,01%"
25.02.2026,"102,260","102,230","102,280","102,230","0,02%"
24.02.2026,"102,240","102,260","102,290","102,240","-0,04%"
23.02.2026,"102,280","102,210","102,280","102,210","0,03%"
20.02.2026,"102,250","102,240","102,260","102,240","-0,01%"
19.02.2026,"102,260","102,190","102,270","102,190","-0,02%"
18.02.2026,"102,280","102,290","102,300","102,280","-0,02%"
17.02.2026,"102,300","102,290","102,310","102,280","0,01%"
16.02.2026,"102,290","102,310","102,320","102,290","-0,01%"
13.02.2026,"102,300","102,290","102,320","102,280","0,00%"
12.02.2026,"102,300","102,300","102,320","102,280","0,01%"
11.02.2026,"102,290","102,280","102,320","102,280","-0,01%"
10.02.2026,"102,300","102,290","102,320","102,280","0,00%"
09.02.2026,"102,300","102,270","102,320","102,270","0,02%"
06.02.2026,"102,280","102,310","102,310","102,280","-0,04%"
05.02.2026,"102,320","102,270","102,330","102,240","0,02%"
04.02.2026,"102,300","102,270","102,330","102,270","0,03%"
03.02.2026,"102,270","102,240","102,300","102,230","-0,01%"
02.02.2026,"102,280","102,270","102,300","102,250","-0,01%"
30.01.2026,"102,290","102,290","102,320","102,250","-0,03%"
29.01.2026,"102,320","102,310","102,360","102,280","0,01%"
28.01.2026,"102,310","102,330","102,370","102,300","-0,01%"
27.01.2026,"102,320","102,300","102,360","102,300","0,00%"
26.01.2026,"102,320","102,310","102,340","102,290","0,01%"
23.01.2026,"102,310","102,310","102,340","102,290","0,03%"
22.01.2026,"102,280","102,310","102,350","102,280","-0,05%"
21.01.2026,"102,330","102,330","102,380","102,320","-0,03%"
20.01.2026,"102,360","102,300","102,370","102,300","0,06%"
19.01.2026,"102,300","102,340","102,370","102,300","-0,02%"
16.01.2026,"102,320","102,340","102,350","102,320","-0,01%"
15.01.2026,"102,330","102,340","102,380","102,330","-0,03%"
14.01.2026,"102,360","102,340","102,380","102,340","0,01%"
13.01.2026,"102,350","102,350","102,370","102,320","0,01%"
12.01.2026,"102,340","102,320","102,370","102,310","0,01%"
09.01.2026,"102,330","102,320","102,380","102,320","-0,02%"
08.01.2026,"102,350","102,320","102,360","102,310","0,02%"
07.01.2026,"102,330","102,350","102,390","102,290","0,03%"
06.01.2026,"102,300","102,260","102,320","102,260","-0,01%"
05.01.2026,"102,310","102,230","102,310","102,220","0,04%"
02.01.2026,"102,270","102,270","102,330","102,240","0,00%"
30.12.2025,"102,270","102,260","102,350","102,200","-0,05%"
29.12.2025,"102,320","102,260","102,330","102,180","0,04%"
23.12.2025,"102,280","102,250","102,350","102,250","0,04%"
22.12.2025,"102,240","102,250","102,340","102,230","-0,06%"
19.12.2025,"102,300","102,290","102,370","102,290","-0,02%"
18.12.2025,"102,320","102,340","102,370","102,300","0,28%"
17.12.2025,"102,030","102,400","102,400","102,030","-0,30%"
16.12.2025,"102,340","102,220","102,380","102,220","0,04%"
15.12.2025,"102,300","102,260","102,380","102,210","-0,01%"
12.12.2025,"102,310","102,260","102,350","102,260","0,01%"
11.12.2025,"102,300","102,190","102,340","102,180","0,00%"
10.12.2025,"102,300","102,200","102,300","102,190","0,04%"
09.12.2025,"102,260","102,290","102,350","102,210","-0,07%"
08.12.2025,"102,330","102,310","102,370","102,300","-0,10%"
05.12.2025,"102,430","102,400","102,450","102,320","-0,03%"
04.12.2025,"102,460","102,560","102,580","102,370","-0,10%"
03.12.2025,"102,560","102,530","102,660","102,530","0,05%"
02.12.2025,"102,510","102,550","102,630","102,510","0,00%"
01.12.2025,"102,510","102,570","102,610","102,510","-0,06%"
28.11.2025,"102,570","102,550","102,620","102,550","-0,01%"
27.11.2025,"102,580","102,580","102,630","102,540","0,00%"
26.11.2025,"102,580","102,550","102,630","102,550","-0,01%"
25.11.2025,"102,590","102,580","102,610","102,560","0,01%"
24.11.2025,"102,580","102,560","102,610","102,540","0,01%"
21.11.2025,"102,570","102,560","102,630","102,560","0,01%"
20.11.2025,"102,560","102,540","102,620","102,520","0,01%"
19.11.2025,"102,550","102,520","102,600","102,520","0,00%"
18.11.2025,"102,550","102,550","102,610","102,530","-0,02%"
17.11.2025,"102,570","102,520","102,610","102,520","-0,03%"
14.11.2025,"102,600","102,530","102,620","102,500","0,02%"
13.11.2025,"102,580","102,600","102,630","102,580","-0,04%"
12.11.2025,"102,620","102,620","102,650","102,600","0,00%"
11.11.2025,"102,620","102,600","102,700","102,580","-0,01%"
10.11.2025,"102,630","102,570","102,690","102,570","-0,04%"
07.11.2025,"102,670","102,650","102,690","102,620","-0,01%"
06.11.2025,"102,680","102,640","102,710","102,640","0,01%"
05.11.2025,"102,670","102,650","102,700","102,650","0,00%"
04.11.2025,"102,670","102,630","102,680","102,610","0,02%"
03.11.2025,"102,650","102,590","102,670","102,580","0,07%"
31.10.2025,"102,580","102,620","102,770","102,580","-0,08%"
30.10.2025,"102,660","102,650","102,750","102,620","-0,07%"
29.10.2025,"102,730","102,650","102,730","102,650","0,05%"
28.10.2025,"102,680","102,650","102,740","102,650","-0,03%"
27.10.2025,"102,710","102,620","102,740","102,610","0,03%"
24.10.2025,"102,680","102,720","102,780","102,660","-0,04%"
23.10.2025,"102,720","102,680","102,770","102,680","-0,01%"
22.10.2025,"102,730","102,700","102,830","102,400","-0,02%"
21.10.2025,"102,750","102,630","102,800","102,630","0,01%"
20.10.2025,"102,740","102,720","102,780","102,630","-0,03%"
17.10.2025,"102,770","102,850","102,870","102,760","-0,05%"
16.10.2025,"102,820","102,700","102,860","102,700","0,00%"
15.10.2025,"102,820","102,730","102,850","102,730","0,07%"
14.10.2025,"102,750","102,760","102,870","102,700","-0,01%"
13.10.2025,"102,760","102,660","102,780","102,660","0,07%"
10.10.2025,"102,690","102,660","102,720","102,660","0,02%"
09.10.2025,"102,670","102,670","102,720","102,650","0,50%"
08.10.2025,"102,160","102,680","102,750","102,160","-0,52%"
07.10.2025,"102,690","102,650","102,690","102,620","0,01%"
06.10.2025,"102,680","102,620","102,710","102,620","-0,05%"
03.10.2025,"102,730","102,680","102,750","102,660","0,00%"
02.10.2025,"102,730","102,700","102,750","102,680","0,01%"
01.10.2025,"102,720","102,620","102,810","102,620","0,05%"
30.09.2025,"102,670","102,680","102,770","102,630","0,00%"
29.09.2025,"102,670","102,680","102,710","102,660","-0,06%"
26.09.2025,"102,730","102,610","102,740","102,610","0,63%"
25.09.2025,"102,090","102,660","102,720","102,090","-0,59%"
24.09.2025,"102,700","102,700","102,740","102,680","-0,01%"
23.09.2025,"102,710","102,730","102,770","102,700","-0,02%"
22.09.2025,"102,730","102,680","102,780","102,680","0,03%"
19.09.2025,"102,700","102,710","102,740","102,700","-0,04%"
18.09.2025,"102,740","102,780","102,780","102,690","-0,03%"
17.09.2025,"102,770","102,800","102,830","102,770","-0,04%"
16.09.2025,"102,810","102,810","102,860","102,750","-0,02%"
15.09.2025,"102,830","102,680","102,850","102,670","0,10%"
12.09.2025,"102,730","102,710","102,810","102,700","-0,03%"
11.09.2025,"102,760","102,850","102,900","102,750","-0,11%"
10.09.2025,"102,870","102,880","102,940","102,850","0,00%"
09.09.2025,"102,870","102,880","102,920","102,870","-0,02%"
08.09.2025,"102,890","102,820","102,940","102,820","0,00%"
05.09.2025,"102,890","102,770","102,890","102,560","0,12%"
04.09.2025,"102,770","102,820","102,860","102,730","-0,05%"
03.09.2025,"102,820","102,720","102,850","102,570","0,10%"
02.09.2025,"102,720","102,700","102,890","102,520","-0,06%"
01.09.2025,"102,780","102,720","102,850","102,720","-0,08%"
29.08.2025,"102,860","102,850","102,870","102,840","0,03%"
28.08.2025,"102,830","102,840","102,880","102,830","-0,03%"
27.08.2025,"102,860","102,840","102,950","102,830","0,00%"
26.08.2025,"102,860","102,820","102,890","102,700","0,05%"
25.08.2025,"102,810","102,880","102,920","102,810","-0,14%"
22.08.2025,"102,950","102,890","102,950","102,870","0,05%"
21.08.2025,"102,900","102,920","102,950","102,890","-0,05%"
20.08.2025,"102,950","102,920","103,090","102,900","0,03%"
19.08.2025,"102,920","102,900","102,960","102,860","0,02%"
18.08.2025,"102,900","102,930","102,970","102,680","-0,10%"
14.08.2025,"103,000","103,000","103,060","103,000","0,00%"
13.08.2025,"103,000","102,960","103,090","102,950","0,03%"
12.08.2025,"102,970","102,870","102,990","102,850","0,09%"
11.08.2025,"102,880","102,840","103,000","102,650","0,01%"
08.08.2025,"102,870","103,030","103,030","102,870","-0,16%"
07.08.2025,"103,030","103,020","103,090","102,990","-0,02%"
06.08.2025,"103,050","103,000","103,110","103,000","0,02%"
05.08.2025,"103,030","103,040","103,080","103,020","-0,01%"
04.08.2025,"103,040","102,970","103,090","102,970","-0,01%"
01.08.2025,"103,050","102,950","103,060","102,910","0,11%"
31.07.2025,"102,940","103,020","103,040","102,940","-0,10%"
30.07.2025,"103,040","103,040","103,070","102,970","0,00%"
29.07.2025,"103,040","103,050","103,120","103,010","-0,04%"
28.07.2025,"103,080","103,090","103,120","103,040","-0,04%"
25.07.2025,"103,120","103,030","103,130","102,940","0,01%"
24.07.2025,"103,110","103,160","103,250","103,080","-0,21%"
23.07.2025,"103,330","103,220","103,370","103,190","0,11%"
22.07.2025,"103,220","103,200","103,280","103,160","0,00%"
21.07.2025,"103,220","103,160","103,250","103,150","0,08%"
18.07.2025,"103,140","103,130","103,180","103,090","-0,01%"
17.07.2025,"103,150","103,140","103,230","103,120","0,01%"
16.07.2025,"103,140","103,090","103,180","103,080","0,02%"
15.07.2025,"103,120","103,120","103,150","103,090","0,04%"
14.07.2025,"103,080","103,000","103,120","103,000","0,06%"
11.07.2025,"103,020","103,110","103,170","103,010","-0,09%"
10.07.2025,"103,110","103,130","103,200","103,100","0,11%"
09.07.2025,"103,000","103,120","103,190","103,000","-0,12%"
08.07.2025,"103,120","103,140","103,200","103,120","-0,08%"
07.07.2025,"103,200","103,250","103,300","103,200","-0,07%"
04.07.2025,"103,270","103,280","103,310","103,250","0,01%"
03.07.2025,"103,260","103,200","103,260","103,170","0,06%"
02.07.2025,"103,200","103,190","103,270","103,180","-0,04%"
01.07.2025,"103,240","103,250","103,350","103,240","0,02%"
30.06.2025,"103,220","103,220","103,300","103,220","-0,01%"
27.06.2025,"103,230","103,300","103,320","103,060","-0,10%"
26.06.2025,"103,330","103,270","103,420","103,270","-0,05%"
25.06.2025,"103,380","103,240","103,380","103,200","0,11%"
24.06.2025,"103,270","103,250","103,360","103,230","0,05%"
23.06.2025,"103,220","103,150","103,310","103,150","-0,05%"
20.06.2025,"103,270","103,230","103,270","103,140","0,04%"
19.06.2025,"103,230","103,200","103,430","103,040","-0,08%"
18.06.2025,"103,310","103,250","103,360","103,190","0,01%"
17.06.2025,"103,300","103,220","103,340","103,220","-0,01%"
16.06.2025,"103,310","103,230","103,400","103,220","0,05%"
13.06.2025,"103,260","103,350","103,400","103,260","-0,12%"
12.06.2025,"103,380","103,330","103,420","103,320","0,00%"
11.06.2025,"103,380","103,320","103,440","103,310","0,04%"
10.06.2025,"103,340","103,270","103,390","103,270","0,04%"
09.06.2025,"103,300","103,310","103,420","103,300","-0,01%"
06.06.2025,"103,310","103,270","103,430","103,270","-0,03%"
05.06.2025,"103,340","103,460","103,550","103,280","-0,16%"
04.06.2025,"103,510","103,500","103,570","103,450","-0,01%"
03.06.2025,"103,520","103,500","103,580","103,450","0,02%"
02.06.2025,"103,500","103,450","103,540","103,450","-0,03%"
30.05.2025,"103,530","103,480","103,600","103,480","-0,03%"
29.05.2025,"103,560","103,450","103,560","103,400","0,09%"
28.05.2025,"103,470","103,490","103,520","103,380","-0,01%"
27.05.2025,"103,480","103,490","103,560","103,420","-0,01%"
26.05.2025,"103,490","103,450","103,510","103,370","-0,03%"
23.05.2025,"103,520","103,390","103,540","103,380","0,14%"
22.05.2025,"103,380","103,290","103,500","103,290","0,03%"
21.05.2025,"103,350","103,280","103,390","103,210","-0,04%"
20.05.2025,"103,390","103,360","103,520","103,330","-0,03%"
19.05.2025,"103,420","103,300","103,450","103,280","0,01%"
16.05.2025,"103,410","103,330","103,470","103,330","0,07%"
15.05.2025,"103,340","103,220","103,380","103,050","0,07%"
14.05.2025,"103,270","103,230","103,330","103,200","0,00%"
13.05.2025,"103,270","103,260","103,330","103,210","-0,01%"
12.05.2025,"103,280","103,410","103,410","103,280","-0,22%"
09.05.2025,"103,510","103,470","103,510","103,400","-0,02%"
08.05.2025,"103,530","103,550","103,600","103,510","-0,04%"
07.05.2025,"103,570","103,480","103,640","103,480","0,03%"
06.05.2025,"103,540","103,480","103,540","103,450","0,06%"
05.05.2025,"103,480","103,460","103,510","103,410","0,00%"
02.05.2025,"103,480","103,500","103,570","103,480","-0,12%"
30.04.2025,"103,600","103,500","103,600","103,500","0,08%"
29.04.2025,"103,520","103,470","103,590","103,470","-0,02%"
28.04.2025,"103,540","103,520","103,560","103,450","-0,03%"
25.04.2025,"103,570","103,600","103,630","103,540","-0,05%"
24.04.2025,"103,620","103,440","103,630","103,430","0,15%"
23.04.2025,"103,460","103,520","103,540","103,430","-0,11%"
22.04.2025,"103,570","103,450","103,650","103,450","-0,01%"
17.04.2025,"103,580","103,400","103,580","103,270","0,13%"
16.04.2025,"103,450","103,360","103,500","103,330","0,09%"
15.04.2025,"103,360","103,280","103,410","103,280","0,02%"
14.04.2025,"103,340","103,250","103,430","103,190","0,11%"
11.04.2025,"103,230","102,920","103,320","102,910","0,44%"
10.04.2025,"102,780","103,090","103,370","102,380","-0,47%"
09.04.2025,"103,270","103,050","103,320","103,050","0,04%"
08.04.2025,"103,230","103,210","103,340","103,160","-0,06%"
07.04.2025,"103,290","103,180","103,540","103,170","-0,08%"
04.04.2025,"103,370","103,300","103,600","103,300","0,05%"
03.04.2025,"103,320","103,250","103,370","103,250","0,14%"
02.04.2025,"103,180","103,150","103,310","103,100","-0,01%"
01.04.2025,"103,190","103,120","103,250","103,120","0,12%"
31.03.2025,"103,070","103,100","103,240","103,010","-0,03%"
28.03.2025,"103,100","102,990","103,150","102,930","0,12%"
27.03.2025,"102,980","102,920","103,020","102,900","0,14%"
26.03.2025,"102,840","102,790","102,910","102,780","0,05%"
25.03.2025,"102,790","102,740","102,820","102,690","0,04%"
24.03.2025,"102,750","102,610","102,800","102,560","0,17%"
21.03.2025,"102,580","102,630","102,740","102,580","-0,04%"
20.03.2025,"102,620","102,560","102,670","102,560","0,05%"
19.03.2025,"102,570","102,570","102,640","102,550","0,02%"
18.03.2025,"102,550","102,430","102,700","102,430","-0,05%"
17.03.2025,"102,600","102,550","102,670","102,420","0,05%"
14.03.2025,"102,550","102,570","102,590","102,470","0,00%"
13.03.2025,"102,550","102,390","102,620","102,390","0,29%"
12.03.2025,"102,250","102,480","102,560","102,250","-0,24%"
11.03.2025,"102,500","102,240","102,570","102,240","0,03%"
10.03.2025,"102,470","102,280","102,510","102,130","0,13%"
07.03.2025,"102,340","102,200","102,510","102,190","0,14%"
06.03.2025,"102,200","101,910","102,460","101,910","-0,15%"
05.03.2025,"102,350","102,710","102,760","102,300","-0,54%"
04.03.2025,"102,910","102,700","102,960","102,700","0,18%"
03.03.2025,"102,720","102,790","102,870","102,720","-0,08%"
28.02.2025,"102,800","102,770","102,850","102,730","0,06%"
27.02.2025,"102,740","102,670","102,790","102,660","0,00%"
26.02.2025,"102,740","102,610","102,740","102,600","0,13%"
25.02.2025,"102,610","102,510","102,710","102,430","0,02%"
24.02.2025,"102,590","102,520","102,660","102,500","0,02%"
21.02.2025,"102,570","102,450","102,570","102,410","0,11%"
20.02.2025,"102,460","102,300","102,510","102,300","0,09%"
19.02.2025,"102,370","102,430","102,560","102,300","-0,04%"
18.02.2025,"102,410","102,370","102,550","102,370","-0,08%"
17.02.2025,"102,490","102,320","102,520","102,320","-0,06%"
14.02.2025,"102,550","102,610","102,650","102,510","-0,10%"
13.02.2025,"102,650","102,330","102,760","102,330","0,36%"
12.02.2025,"102,280","102,510","102,580","102,280","-0,29%"
11.02.2025,"102,580","102,670","102,730","102,530","-0,12%"
10.02.2025,"102,700","102,700","102,750","102,650","0,03%"
07.02.2025,"102,670","102,690","102,780","102,590","-0,07%"
06.02.2025,"102,740","102,790","102,810","102,590","-0,11%"
05.02.2025,"102,850","102,800","103,000","102,780","0,02%"
04.02.2025,"102,830","102,680","102,860","102,570","0,11%"
03.02.2025,"102,720","102,610","102,770","102,510","0,10%"
31.01.2025,"102,620","102,450","102,720","102,310","0,17%"
30.01.2025,"102,450","102,310","102,480","102,300","0,13%"
29.01.2025,"102,320","102,320","102,470","102,270","0,00%"
28.01.2025,"102,320","102,160","102,410","102,160","0,04%"
27.01.2025,"102,280","102,270","102,510","102,110","0,01%"
24.01.2025,"102,270","102,270","102,360","102,170","-0,05%"
23.01.2025,"102,320","102,290","102,470","102,260","-0,16%"
22.01.2025,"102,480","102,290","102,490","102,270","-0,09%"
21.01.2025,"102,570","102,430","102,570","102,320","0,04%"
20.01.2025,"102,530","102,360","102,530","102,250","0,18%"
17.01.2025,"102,350","102,370","102,480","102,310","-0,13%"
16.01.2025,"102,480","102,340","102,480","102,100","0,06%"
15.01.2025,"102,420","102,090","102,470","101,830","0,37%"
14.01.2025,"102,040","101,790","102,150","101,790","0,19%"
13.01.2025,"101,850","101,850","102,000","101,790","-0,11%"
10.01.2025,"101,960","102,110","102,200","101,960","-0,23%"
09.01.2025,"102,200","102,130","102,320","102,130","-0,13%"
08.01.2025,"102,330","102,320","102,450","102,260","-0,02%"
07.01.2025,"102,350","102,480","102,520","102,350","-0,08%"
06.01.2025,"102,430","102,470","102,520","102,410","-0,08%"
03.01.2025,"102,510","102,620","102,680","102,460","-0,14%"
02.01.2025,"102,650","102,560","102,760","102,510","0,08%"
30.12.2024,"102,570","102,520","102,750","102,410","0,05%"
27.12.2024,"102,520","102,650","102,660","102,420","-0,13%"
23.12.2024,"102,650","102,610","102,780","102,580","-0,05%"
20.12.2024,"102,700","102,710","102,790","102,680","-0,01%"
19.12.2024,"102,710","102,620","102,770","102,610","0,02%"
18.12.2024,"102,690","102,660","102,800","102,660","-0,02%"
17.12.2024,"102,710","102,640","102,780","102,630","-0,03%"
16.12.2024,"102,740","102,740","102,970","102,600","-0,04%"
13.12.2024,"102,780","102,740","102,900","102,610","0,03%"
12.12.2024,"102,750","102,900","103,070","102,730","-0,17%"
11.12.2024,"102,930","102,860","103,100","102,810","0,12%"
10.12.2024,"102,810","102,860","102,990","102,790","-0,05%"
09.12.2024,"102,860","102,820","102,950","102,740","0,02%"
06.12.2024,"102,840","102,850","102,990","102,750","-0,02%"
05.12.2024,"102,860","102,840","103,100","102,740","0,01%"
04.12.2024,"102,850","102,870","102,920","102,770","-0,09%"
03.12.2024,"102,940","102,870","103,100","102,870","-0,06%"
02.12.2024,"103,000","102,830","103,200","102,800","0,19%"
29.11.2024,"102,800","102,650","102,800","102,610","0,18%"
28.11.2024,"102,620","102,550","102,670","102,520","0,08%"
27.11.2024,"102,540","102,600","102,600","102,440","-0,06%"
26.11.2024,"102,600","102,400","102,600","102,390","0,15%"
25.11.2024,"102,450","102,390","102,550","102,330","0,03%"
22.11.2024,"102,420","102,170","102,570","102,160","0,19%"
21.11.2024,"102,230","102,060","102,330","101,970","0,07%"
20.11.2024,"102,160","102,100","102,290","102,060","-0,01%"
19.11.2024,"102,170","102,160","102,320","102,090","0,01%"
18.11.2024,"102,160","102,030","102,230","101,930","-0,08%"
15.11.2024,"102,240","102,210","102,390","102,110","-0,02%"
14.11.2024,"102,260","101,970","102,320","101,720","0,25%"
13.11.2024,"102,000","101,820","102,170","101,820","-0,18%"
12.11.2024,"102,180","101,750","102,240","101,750","0,15%"
11.11.2024,"102,030","102,000","102,110","101,960","0,08%"
08.11.2024,"101,950","101,950","102,130","101,920","-0,06%"
07.11.2024,"102,010","101,810","102,100","101,770","0,10%"
06.11.2024,"101,910","101,830","102,060","101,750","0,14%"
05.11.2024,"101,770","101,780","101,850","101,670","-0,08%"
04.11.2024,"101,850","101,780","101,890","101,770","0,00%"
01.11.2024,"101,850","101,760","101,920","101,760","0,09%"
31.10.2024,"101,760","101,800","101,930","101,640","-0,17%"
30.10.2024,"101,930","102,360","102,360","101,890","-0,53%"
29.10.2024,"102,470","102,320","102,470","102,100","0,16%"
28.10.2024,"102,310","102,150","102,360","102,020","0,12%"
25.10.2024,"102,190","102,360","102,440","102,190","-0,28%"
24.10.2024,"102,480","102,310","102,480","102,310","0,11%"
23.10.2024,"102,370","102,120","102,390","101,890","0,11%"
22.10.2024,"102,260","102,470","102,470","102,140","-0,02%"
21.10.2024,"102,280","102,530","102,530","102,180","-0,24%"
18.10.2024,"102,530","102,260","102,660","102,240","0,18%"
17.10.2024,"102,350","102,340","102,530","102,330","-0,10%"
16.10.2024,"102,450","102,290","102,450","102,260","0,15%"
15.10.2024,"102,300","102,140","102,340","102,080","0,10%"
14.10.2024,"102,200","102,040","102,600","101,990","0,15%"
11.10.2024,"102,050","102,100","102,170","101,930","-0,07%"
10.10.2024,"102,120","102,050","102,200","101,850","0,02%"
09.10.2024,"102,100","102,150","102,250","102,090","-0,10%"
08.10.2024,"102,200","102,160","102,200","102,000","0,07%"
07.10.2024,"102,130","102,410","102,450","102,110","-0,27%"
04.10.2024,"102,410","102,450","102,590","102,310","0,00%"
03.10.2024,"102,410","102,560","102,710","102,410","-0,29%"
02.10.2024,"102,710","102,660","102,720","102,560","0,01%"
01.10.2024,"102,700","102,530","102,810","102,460","0,21%"
30.09.2024,"102,480","102,530","102,640","102,410","-0,10%"
27.09.2024,"102,580","102,550","102,680","102,510","-0,02%"
26.09.2024,"102,600","102,470","102,750","102,370","0,14%"
25.09.2024,"102,460","102,510","102,590","102,410","-0,20%"
24.09.2024,"102,670","102,210","102,670","102,210","0,18%"
23.09.2024,"102,490","102,160","102,490","102,130","0,30%"
20.09.2024,"102,180","102,070","102,280","102,070","0,00%"
19.09.2024,"102,180","101,950","102,330","101,940","0,11%"
18.09.2024,"102,070","102,140","102,200","102,000","0,07%"
17.09.2024,"102,000","102,320","102,370","102,000","-0,29%"
16.09.2024,"102,300","102,150","102,320","102,130","0,10%"
13.09.2024,"102,200","102,310","102,310","102,080","0,07%"
12.09.2024,"102,130","102,170","102,270","102,100","-0,11%"
11.09.2024,"102,240","102,020","102,250","101,930","0,23%"
10.09.2024,"102,010","102,010","102,100","101,940","-0,05%"
09.09.2024,"102,060","101,950","102,100","101,900","0,04%"
06.09.2024,"102,020","101,920","102,110","101,840","0,10%"
05.09.2024,"101,920","101,840","102,040","101,840","0,02%"
04.09.2024,"101,900","101,620","101,970","101,600","0,23%"
03.09.2024,"101,670","101,560","101,700","101,510","0,11%"
02.09.2024,"101,560","101,650","101,660","101,530","-0,10%"
30.08.2024,"101,660","101,550","101,780","101,550","0,02%"
29.08.2024,"101,640","101,600","101,840","101,520","0,06%"
28.08.2024,"101,580","101,630","101,670","101,540","0,04%"
27.08.2024,"101,540","101,560","101,620","101,530","-0,10%"
26.08.2024,"101,640","101,600","101,740","101,510","-0,16%"
23.08.2024,"101,800","101,610","101,800","101,570","0,19%"
22.08.2024,"101,610","101,620","101,780","101,540","-0,10%"
21.08.2024,"101,710","101,500","101,710","101,500","0,16%"
20.08.2024,"101,550","101,450","101,550","101,450","0,07%"
19.08.2024,"101,480","101,260","101,510","101,220","0,04%"
16.08.2024,"101,440","101,560","101,630","101,440","-0,19%"
14.08.2024,"101,630","101,780","101,780","101,610","-0,07%"
13.08.2024,"101,700","101,600","101,710","101,540","0,18%"
12.08.2024,"101,520","101,610","101,670","101,500","-0,08%"
09.08.2024,"101,600","101,560","101,680","101,540","0,06%"
08.08.2024,"101,540","101,490","101,670","101,490","-0,04%"
07.08.2024,"101,580","101,600","101,600","101,480","-0,09%"
06.08.2024,"101,670","101,650","101,720","101,560","0,01%"
05.08.2024,"101,660","101,490","101,820","100,980","0,14%"
02.08.2024,"101,520","101,410","101,700","101,320","0,05%"
01.08.2024,"101,470","101,360","101,530","101,340","0,03%"
31.07.2024,"101,440","101,430","101,530","101,390","0,02%"
30.07.2024,"101,420","101,140","101,450","101,130","0,29%"
29.07.2024,"101,130","101,100","101,230","101,070","0,03%"
26.07.2024,"101,100","100,960","101,100","100,960","0,02%"
25.07.2024,"101,080","100,950","101,090","100,950","0,14%"
24.07.2024,"100,940","100,920","101,010","100,900","0,03%"
23.07.2024,"100,910","100,820","101,000","100,820","0,03%"
22.07.2024,"100,880","100,960","100,970","100,800","-0,08%"
19.07.2024,"100,960","101,110","101,160","100,950","-0,17%"
18.07.2024,"101,130","100,870","101,160","100,870","0,46%"
17.07.2024,"100,670","101,010","101,150","100,670","-0,36%"
16.07.2024,"101,030","100,940","101,120","100,940","0,09%"
15.07.2024,"100,940","100,800","101,000","100,750","-0,05%"
12.07.2024,"100,990","100,820","100,990","100,790","0,13%"
11.07.2024,"100,860","100,540","100,990","100,540","0,26%"
10.07.2024,"100,600","100,540","100,800","100,530","0,10%"
09.07.2024,"100,500","100,540","100,660","100,480","-0,12%"
08.07.2024,"100,620","100,500","100,720","100,470","0,13%"
05.07.2024,"100,490","100,390","100,570","100,350","0,15%"
04.07.2024,"100,340","100,390","100,470","100,330","-0,08%"
03.07.2024,"100,420","100,340","100,550","100,310","0,16%"
02.07.2024,"100,260","100,170","100,410","100,170","0,01%"
01.07.2024,"100,250","100,360","100,440","100,200","-0,08%"
28.06.2024,"100,330","100,440","100,470","100,300","-0,10%"
27.06.2024,"100,430","100,450","100,530","100,320","0,00%"
26.06.2024,"100,430","100,470","100,560","100,370","0,02%"
25.06.2024,"100,410","100,470","100,590","100,410","-0,07%"
24.06.2024,"100,480","100,530","100,600","100,450","0,02%"
21.06.2024,"100,460","100,330","100,660","100,330","0,09%"
20.06.2024,"100,370","100,330","100,480","100,290","0,04%"
19.06.2024,"100,330","100,480","100,500","100,320","-0,05%"
18.06.2024,"100,380","100,400","100,540","100,300","0,02%"
17.06.2024,"100,360","100,330","100,510","100,300","0,00%"
14.06.2024,"100,360","100,310","100,610","100,260","-0,01%"
13.06.2024,"100,370","100,470","100,490","100,280","-0,14%"
12.06.2024,"100,510","100,440","100,580","100,320","0,03%"
11.06.2024,"100,480","100,310","100,490","100,140","0,25%"
10.06.2024,"100,230","100,370","100,410","100,190","-0,18%"
07.06.2024,"100,410","100,720","100,730","100,360","-0,25%"
06.06.2024,"100,660","100,790","100,880","100,550","-0,08%"
05.06.2024,"100,740","100,650","100,930","100,610","0,09%"
04.06.2024,"100,650","100,560","100,770","100,480","0,13%"
03.06.2024,"100,520","100,420","100,640","100,420","0,12%"
31.05.2024,"100,400","100,400","100,540","100,370","-0,04%"
30.05.2024,"100,440","100,430","100,550","100,370","0,03%"
29.05.2024,"100,410","100,440","100,470","100,370","-0,09%"
28.05.2024,"100,500","100,560","100,600","100,440","-0,09%"
27.05.2024,"100,590","100,450","100,650","100,380","0,00%"
24.05.2024,"100,590","100,400","100,610","100,310","0,18%"
23.05.2024,"100,410","100,570","100,650","100,370","-0,24%"
22.05.2024,"100,650","100,620","100,690","100,510","0,02%"
21.05.2024,"100,630","100,500","100,670","100,500","0,06%"
20.05.2024,"100,570","100,510","100,740","100,400","0,07%"
17.05.2024,"100,500","100,570","100,610","100,500","-0,07%"
16.05.2024,"100,570","100,610","100,740","100,540","-0,10%"
15.05.2024,"100,670","100,460","100,690","100,340","0,18%"
14.05.2024,"100,490","100,500","100,510","100,400","0,08%"
13.05.2024,"100,410","100,380","100,730","100,280","-0,02%"
10.05.2024,"100,430","100,380","100,500","100,360","0,03%"
09.05.2024,"100,400","100,380","100,520","100,280","0,00%"
08.05.2024,"100,400","100,370","100,550","100,350","-0,08%"
07.05.2024,"100,480","100,310","100,540","100,250","0,07%"
06.05.2024,"100,410","100,330","100,530","100,320","0,09%"
03.05.2024,"100,320","100,300","100,710","100,230","0,10%"
02.05.2024,"100,220","100,300","100,470","100,220","-0,03%"
30.04.2024,"100,250","100,300","100,440","100,230","-0,08%"
29.04.2024,"100,330","100,240","100,480","100,210","0,09%"
26.04.2024,"100,240","100,030","100,340","100,010","0,13%"
25.04.2024,"100,110","100,300","100,390","100,020","-0,13%"
24.04.2024,"100,240","100,420","100,440","100,130","-0,18%"
23.04.2024,"100,420","100,480","100,600","100,370","-0,03%"
22.04.2024,"100,450","100,370","100,560","100,260","0,08%"
19.04.2024,"100,370","100,480","100,610","100,370","-0,18%"
18.04.2024,"100,550","100,580","100,720","100,460","-0,19%"
17.04.2024,"100,740","100,540","100,780","100,500","0,24%"
16.04.2024,"100,500","100,530","100,730","100,500","-0,15%"
15.04.2024,"100,650","100,650","100,840","100,620","-0,19%"
12.04.2024,"100,840","100,660","100,900","100,600","0,27%"
11.04.2024,"100,570","100,790","100,790","100,570","-0,25%"
10.04.2024,"100,820","100,790","100,950","100,610","-0,01%"
09.04.2024,"100,830","100,840","100,900","100,780","-0,05%"
08.04.2024,"100,880","100,910","100,910","100,760","-0,04%"
05.04.2024,"100,920","101,000","101,030","100,850","-0,12%"
04.04.2024,"101,040","100,750","101,040","100,700","0,25%"
03.04.2024,"100,790","100,750","100,800","100,630","-0,01%"
02.04.2024,"100,800","100,780","100,950","100,680","-0,23%"
28.03.2024,"101,030","100,960","101,080","100,840","-0,02%"
27.03.2024,"101,050","100,900","101,080","100,890","0,11%"
26.03.2024,"100,940","100,830","101,000","100,830","0,06%"
25.03.2024,"100,880","100,760","100,930","100,760","-0,06%"
22.03.2024,"100,940","100,840","100,940","100,790","0,14%"
21.03.2024,"100,800","100,760","100,920","100,740","0,10%"
20.03.2024,"100,700","100,700","100,840","100,700","-0,05%"
19.03.2024,"100,750","100,790","100,800","100,710","-0,04%"
18.03.2024,"100,790","100,800","100,900","100,660","0,00%"
15.03.2024,"100,790","100,600","101,000","100,600","-0,01%"
14.03.2024,"100,800","101,160","101,170","100,800","-0,24%"
13.03.2024,"101,040","101,000","101,140","100,830","0,14%"
12.03.2024,"100,900","100,870","101,040","100,860","0,02%"
11.03.2024,"100,880","101,100","101,210","100,850","-0,12%"
08.03.2024,"101,000","100,730","101,090","100,730","0,25%"
07.03.2024,"100,750","100,770","101,170","100,540","0,09%"
06.03.2024,"100,660","100,750","100,750","100,520","0,00%"
05.03.2024,"100,660","100,360","100,850","100,320","0,20%"
04.03.2024,"100,460","100,400","100,460","100,220","0,05%"
01.03.2024,"100,410","100,280","100,440","100,220","-0,03%"
29.02.2024,"100,440","100,350","100,440","100,180","0,00%"
28.02.2024,"100,440","100,230","100,440","100,140","0,21%"
27.02.2024,"100,230","100,250","100,300","100,160","0,00%"
26.02.2024,"100,230","100,330","100,480","100,220","-0,21%"
23.02.2024,"100,440","100,400","100,480","100,220","0,12%"
22.02.2024,"100,320","100,470","100,500","100,300","-0,10%"
21.02.2024,"100,420","100,520","100,580","100,420","-0,13%"
20.02.2024,"100,550","100,510","100,740","100,450","0,05%"
19.02.2024,"100,500","100,490","100,750","100,420","0,04%"
16.02.2024,"100,460","100,620","100,680","100,460","-0,11%"
15.02.2024,"100,570","100,540","100,700","100,520","0,07%"
14.02.2024,"100,500","100,450","100,600","100,450","0,05%"
13.02.2024,"100,450","100,460","100,700","100,410","-0,07%"
12.02.2024,"100,520","100,600","100,700","100,400","0,00%"
09.02.2024,"100,520","100,590","100,700","100,420","-0,13%"
08.02.2024,"100,650","100,820","100,970","100,600","-0,19%"
07.02.2024,"100,840","100,890","101,060","100,800","-0,14%"
06.02.2024,"100,980","100,850","100,990","100,750","0,14%"
05.02.2024,"100,840","100,950","101,010","100,800","-0,17%"
02.02.2024,"101,010","101,230","101,270","101,010","-0,19%"
01.02.2024,"101,200","101,090","101,350","101,090","-0,06%"
31.01.2024,"101,260","101,220","101,400","101,100","0,14%"
30.01.2024,"101,120","101,400","101,400","101,070","-0,27%"
29.01.2024,"101,390","101,090","101,400","101,090","0,36%"
26.01.2024,"101,030","101,200","101,350","100,930","-0,05%"
25.01.2024,"101,080","100,930","101,340","100,840","0,06%"
24.01.2024,"101,020","100,880","101,110","100,870","0,17%"
23.01.2024,"100,850","100,860","101,050","100,840","-0,03%"
22.01.2024,"100,880","100,890","101,060","100,870","-0,02%"
19.01.2024,"100,900","100,820","101,070","100,820","0,03%"
18.01.2024,"100,870","100,860","101,090","100,800","0,04%"
17.01.2024,"100,830","101,150","101,190","100,770","-0,27%"
16.01.2024,"101,100","101,050","101,230","101,030","0,04%"
15.01.2024,"101,060","101,190","101,200","101,020","-0,31%"
12.01.2024,"101,370","101,060","101,390","101,020","0,37%"
11.01.2024,"101,000","100,900","101,120","100,840","0,15%"
10.01.2024,"100,850","100,810","100,980","100,750","0,06%"
09.01.2024,"100,790","100,900","100,950","100,700","-0,11%"
08.01.2024,"100,900","100,810","100,910","100,680","-0,14%"
05.01.2024,"101,040","100,900","101,040","100,790","0,13%"
04.01.2024,"100,910","101,380","101,390","100,910","-0,29%"
03.01.2024,"101,200","101,200","101,360","101,050","-0,17%"
02.01.2024,"101,370","101,260","101,490","101,050","0,05%"
29.12.2023,"101,320","101,780","101,780","101,250","-0,22%"
28.12.2023,"101,540","101,760","101,850","101,120","-0,22%"
27.12.2023,"101,760","101,820","101,920","101,650","-0,04%"
22.12.2023,"101,800","101,650","101,890","101,650","0,15%"
21.12.2023,"101,650","101,650","101,730","101,600","0,09%"
20.12.2023,"101,560","101,530","101,640","101,460","0,04%"
19.12.2023,"101,520","101,180","101,520","101,130","0,32%"
18.12.2023,"101,200","101,020","101,390","100,950","0,10%"
15.12.2023,"101,100","101,040","101,480","100,760","0,01%"
14.12.2023,"101,090","100,680","101,380","100,380","0,56%"
13.12.2023,"100,530","100,550","100,650","100,390","-0,06%"
12.12.2023,"100,590","100,600","100,690","100,450","0,19%"
11.12.2023,"100,400","100,500","100,550","100,350","-0,10%"
08.12.2023,"100,500","100,790","100,870","100,500","-0,39%"
07.12.2023,"100,890","100,600","100,940","100,370","0,09%"
06.12.2023,"100,800","100,620","100,860","100,550","0,18%"
05.12.2023,"100,620","100,750","100,770","100,590","-0,07%"
04.12.2023,"100,690","100,770","100,790","100,270","0,06%"
01.12.2023,"100,630","100,110","100,700","100,110","0,50%"
30.11.2023,"100,130","100,230","100,360","100,060","-0,17%"
29.11.2023,"100,300","100,010","100,300","99,960","0,36%"
28.11.2023,"99,940","100,060","100,060","99,780","-0,06%"
27.11.2023,"100,000","99,860","100,130","99,800","0,17%"
24.11.2023,"99,830","99,630","99,900","99,630","-0,01%"
23.11.2023,"99,840","99,900","100,020","99,800","-0,16%"
22.11.2023,"100,000","99,920","100,000","99,810","0,08%"
21.11.2023,"99,920","99,850","100,020","99,800","0,12%"
20.11.2023,"99,800","99,940","99,940","99,800","0,18%"
17.11.2023,"99,620","99,580","99,850","99,580","0,14%"
16.11.2023,"99,480","99,310","99,580","99,230","0,18%"
15.11.2023,"99,300","99,260","99,410","99,210","0,13%"
14.11.2023,"99,170","98,970","99,240","98,890","0,17%"
13.11.2023,"99,000","99,140","99,140","98,970","-0,01%"
10.11.2023,"99,010","99,010","99,100","98,890","-0,08%"
09.11.2023,"99,090","99,260","99,260","99,040","0,01%"
08.11.2023,"99,080","99,210","99,280","98,850","-0,14%"
07.11.2023,"99,220","99,200","99,300","99,040","-0,08%"
06.11.2023,"99,300","99,510","99,510","98,960","-0,15%"
03.11.2023,"99,450","99,080","99,520","98,940","0,45%"
02.11.2023,"99,000","99,100","99,280","98,990","-0,09%"
01.11.2023,"99,090","98,790","99,090","98,580","0,26%"
31.10.2023,"98,830","98,830","98,930","98,680","0,07%"
30.10.2023,"98,760","98,660","98,930","98,550","0,31%"
27.10.2023,"98,450","98,440","98,800","98,410","-0,08%"
26.10.2023,"98,530","98,400","98,540","98,160","0,12%"
25.10.2023,"98,410","98,670","98,670","98,330","-0,22%"
24.10.2023,"98,630","98,710","98,710","98,500","0,13%"
23.10.2023,"98,500","98,380","98,550","98,190","0,08%"
20.10.2023,"98,420","98,110","98,420","98,110","0,34%"
19.10.2023,"98,090","98,110","98,250","97,960","-0,14%"
18.10.2023,"98,230","98,200","98,360","98,140","-0,11%"
17.10.2023,"98,340","98,440","98,560","98,210","-0,22%"
16.10.2023,"98,560","98,550","98,590","98,410","0,16%"
13.10.2023,"98,400","98,450","98,630","98,400","-0,23%"
12.10.2023,"98,630","98,700","98,880","98,500","-0,01%"
11.10.2023,"98,640","98,370","98,700","98,210","0,38%"
10.10.2023,"98,270","98,380","98,430","98,130","-0,03%"
09.10.2023,"98,300","98,150","98,300","97,960","0,36%"
06.10.2023,"97,950","97,700","98,000","97,570","0,21%"
05.10.2023,"97,740","97,790","97,790","97,360","0,15%"
04.10.2023,"97,590","97,540","97,930","97,360","0,18%"
03.10.2023,"97,410","97,950","98,050","97,410","-0,48%"
02.10.2023,"97,880","98,100","99,500","97,510","-0,22%"
29.09.2023,"98,100","97,910","98,880","97,910","0,51%"
28.09.2023,"97,600","98,330","98,340","97,600","-0,74%"
27.09.2023,"98,330","98,480","98,550","98,320","-0,08%"
26.09.2023,"98,410","98,560","98,610","98,410","-0,18%"
25.09.2023,"98,590","98,840","98,960","98,560","-0,24%"
22.09.2023,"98,830","98,770","99,030","98,770","-0,04%"
21.09.2023,"98,870","99,100","99,100","98,850","-0,31%"
20.09.2023,"99,180","99,190","99,220","99,110","-0,02%"
19.09.2023,"99,200","99,210","99,300","99,200","0,00%"
18.09.2023,"99,200","99,400","99,500","99,200","-0,30%"
15.09.2023,"99,500","99,600","99,610","99,290","-0,04%"
14.09.2023,"99,540","99,500","99,690","99,280","0,17%"
13.09.2023,"99,370","99,500","99,560","99,300","-0,13%"
12.09.2023,"99,500","99,510","99,680","99,500","-0,02%"
11.09.2023,"99,520","99,720","99,860","99,430","-0,14%"
08.09.2023,"99,660","99,980","99,980","99,660","-0,08%"
07.09.2023,"99,740","99,660","99,870","99,640","0,08%"
06.09.2023,"99,660","99,890","99,960","99,500","-0,30%"
05.09.2023,"99,960","99,960","99,990","99,900","0,00%"
04.09.2023,"99,960","100,140","100,140","99,900","-0,19%"
01.09.2023,"100,150","100,110","100,200","100,060","0,04%"
31.08.2023,"100,110","100,070","100,230","100,020","0,08%"
30.08.2023,"100,030","100,100","100,100","100,010","-0,03%"
29.08.2023,"100,060","100,040","100,150","100,010","0,02%"
28.08.2023,"100,040","100,000","100,070","99,960","0,01%"
25.08.2023,"100,030","100,010","100,030","99,860","0,03%"
24.08.2023,"100,000","99,970","100,140","99,970","0,02%"
23.08.2023,"99,980","99,860","100,100","99,860","0,07%"
22.08.2023,"99,910","99,950","99,990","99,870","0,01%"
21.08.2023,"99,900","99,950","100,030","99,900","-0,06%"
18.08.2023,"99,960","100,030","100,030","99,950","-0,02%"
17.08.2023,"99,980","100,030","100,030","99,900","-0,06%"
16.08.2023,"100,040","100,100","100,130","99,980","-0,11%"
14.08.2023,"100,150","100,210","100,250","100,110","-0,03%"
11.08.2023,"100,180","100,230","100,290","100,180","-0,12%"
10.08.2023,"100,300","100,300","100,340","100,230","0,05%"
09.08.2023,"100,250","100,300","100,350","100,230","0,01%"
08.08.2023,"100,240","100,250","100,390","100,240","-0,02%"
07.08.2023,"100,260","100,250","100,350","100,150","0,14%"
04.08.2023,"100,120","100,210","100,340","100,110","-0,20%"
03.08.2023,"100,320","100,280","100,370","100,200","-0,01%"
02.08.2023,"100,330","100,270","100,380","100,270","0,05%"
01.08.2023,"100,280","100,360","100,400","100,270","-0,06%"
31.07.2023,"100,340","100,300","100,380","100,230","-0,02%"
28.07.2023,"100,360","100,320","100,400","100,250","0,04%"
27.07.2023,"100,320","100,320","100,400","100,220","0,09%"
26.07.2023,"100,230","100,290","100,320","100,220","-0,11%"
25.07.2023,"100,340","100,210","100,340","100,200","0,09%"
24.07.2023,"100,250","100,300","100,400","100,250","0,00%"
21.07.2023,"100,250","100,360","100,380","100,140","-0,04%"
20.07.2023,"100,290","100,300","100,360","100,210","0,04%"
19.07.2023,"100,250","100,330","100,340","100,170","-0,04%"
18.07.2023,"100,290","100,150","100,300","100,150","0,14%"
17.07.2023,"100,150","100,130","100,200","100,130","-0,03%"
14.07.2023,"100,180","100,240","100,280","100,150","-0,10%"
13.07.2023,"100,280","100,040","100,280","100,040","0,27%"
12.07.2023,"100,010","100,040","100,150","99,970","-0,02%"
11.07.2023,"100,030","100,050","100,070","99,980","0,05%"
10.07.2023,"99,980","100,070","100,140","99,980","-0,09%"
07.07.2023,"100,070","100,040","100,080","99,950","0,08%"
06.07.2023,"99,990","100,160","100,260","99,950","-0,28%"
05.07.2023,"100,270","100,270","100,380","100,160","0,02%"
04.07.2023,"100,250","100,050","100,300","100,050","0,11%"
03.07.2023,"100,140","100,240","100,320","100,050","0,00%"
30.06.2023,"100,140","100,120","100,190","100,060","0,04%"
29.06.2023,"100,100","100,320","100,340","100,050","-0,23%"
28.06.2023,"100,330","100,360","100,400","100,260","0,02%"
27.06.2023,"100,310","100,390","100,400","100,230","-0,10%"
26.06.2023,"100,410","100,220","100,410","100,220","0,19%"
23.06.2023,"100,220","100,130","100,370","100,130","0,02%"
22.06.2023,"100,200","100,330","100,380","100,110","-0,10%"
21.06.2023,"100,300","100,330","100,400","100,240","0,03%"
20.06.2023,"100,270","100,210","100,320","100,160","0,07%"
19.06.2023,"100,200","100,240","100,260","100,060","-0,02%"
16.06.2023,"100,220","100,110","100,290","100,100","0,07%"
15.06.2023,"100,150","100,250","100,250","99,960","-0,05%"
14.06.2023,"100,200","100,090","100,300","100,040","0,10%"
13.06.2023,"100,100","100,100","100,380","99,960","0,10%"
