Data,"Ultimo","Apertura","Massimo","Minimo","Var. %"
07.08.2026,"94,880","94,750","94,890","94,690","0,06%"
06.08.2026,"94,820","94,890","94,910","94,820","-0,17%"
05.08.2026,"94,980","95,110","95,110","94,870","0,05%"
04.08.2026,"94,930","94,670","94,990","94,530","0,32%"
03.08.2026,"94,630","94,540","94,700","94,520","0,44%"
31.07.2026,"94,220","94,450","94,520","94,190","-0,18%"
30.07.2026,"94,390","94,140","94,410","94,140","0,07%"
29.07.2026,"94,320","94,590","94,640","94,300","-0,49%"
28.07.2026,"94,780","94,670","94,780","94,530","0,34%"
27.07.2026,"94,460","94,590","94,630","94,460","0,33%"
24.07.2026,"94,150","94,030","94,180","94,010","0,31%"
23.07.2026,"93,860","94,070","94,110","93,850","-0,35%"
22.07.2026,"94,190","94,170","94,310","94,040","-0,17%"
21.07.2026,"94,350","94,460","94,510","94,210","-0,10%"
20.07.2026,"94,440","94,340","94,610","94,340","-0,05%"
17.07.2026,"94,490","94,590","94,640","94,430","-0,06%"
16.07.2026,"94,550","94,690","94,690","94,400","-0,31%"
15.07.2026,"94,840","94,650","94,840","94,600","-0,08%"
14.07.2026,"94,920","94,510","94,980","94,510","-0,05%"
13.07.2026,"94,970","95,130","95,180","94,930","-0,30%"
10.07.2026,"95,260","95,250","95,320","95,150","0,11%"
09.07.2026,"95,160","94,970","95,160","94,920","0,32%"
08.07.2026,"94,860","95,190","95,270","94,850","-0,72%"
07.07.2026,"95,550","95,620","95,720","95,500","-0,29%"
06.07.2026,"95,830","95,910","95,950","95,810","0,00%"
03.07.2026,"95,830","95,980","95,980","95,810","-0,20%"
02.07.2026,"96,020","95,970","96,020","95,790","-0,04%"
01.07.2026,"96,060","96,030","96,080","95,870","-0,18%"
30.06.2026,"96,230","96,300","96,400","96,190","0,05%"
29.06.2026,"96,180","96,170","96,230","96,100","-0,03%"
26.06.2026,"96,210","96,180","96,250","96,100","0,08%"
25.06.2026,"96,130","96,170","96,240","96,080","0,04%"
24.06.2026,"96,090","95,870","96,180","95,830","0,23%"
23.06.2026,"95,870","95,820","95,970","95,800","0,07%"
22.06.2026,"95,800","95,700","95,850","95,580","0,28%"
19.06.2026,"95,530","95,740","95,740","95,530","-0,43%"
18.06.2026,"95,940","95,860","95,940","95,670","-0,03%"
17.06.2026,"95,970","96,030","96,070","95,820","0,07%"
16.06.2026,"95,900","95,780","95,990","95,740","0,17%"
15.06.2026,"95,740","95,740","95,830","95,720","0,38%"
12.06.2026,"95,380","95,390","95,600","95,220","0,39%"
11.06.2026,"95,010","94,740","95,090","94,730","0,26%"
10.06.2026,"94,760","94,930","94,990","94,620","-0,19%"
09.06.2026,"94,940","94,980","95,100","94,860","0,00%"
08.06.2026,"94,940","94,830","95,060","94,780","-0,08%"
05.06.2026,"95,020","95,180","95,300","95,000","-0,16%"
04.06.2026,"95,170","95,220","95,330","95,060","0,00%"
03.06.2026,"95,170","95,410","95,410","95,170","-0,42%"
02.06.2026,"95,570","95,700","95,750","95,550","0,22%"
01.06.2026,"95,360","95,650","95,670","95,200","-0,59%"
29.05.2026,"95,930","95,660","95,940","95,630","0,26%"
28.05.2026,"95,680","95,370","95,750","95,290","0,16%"
27.05.2026,"95,530","95,630","95,800","95,450","0,05%"
26.05.2026,"95,480","95,630","95,660","95,460","-0,31%"
25.05.2026,"95,780","95,540","95,880","95,540","0,65%"
22.05.2026,"95,160","95,040","95,270","94,980","0,48%"
21.05.2026,"94,710","94,780","94,970","94,570","-0,20%"
20.05.2026,"94,900","94,330","95,110","94,280","0,85%"
19.05.2026,"94,100","94,480","94,600","94,060","-0,28%"
18.05.2026,"94,360","94,160","94,630","94,090","0,06%"
15.05.2026,"94,300","94,680","94,800","94,250","-0,81%"
14.05.2026,"95,070","94,890","95,100","94,800","0,49%"
13.05.2026,"94,610","94,740","94,770","94,530","0,02%"
12.05.2026,"94,590","94,610","94,800","94,590","-0,42%"
11.05.2026,"94,990","95,220","95,260","94,990","-0,36%"
08.05.2026,"95,330","95,290","95,480","95,150","-0,02%"
07.05.2026,"95,350","95,520","95,650","95,350","0,03%"
06.05.2026,"95,320","94,890","95,560","94,850","0,78%"
05.05.2026,"94,580","94,350","94,590","94,330","0,34%"
04.05.2026,"94,260","94,610","94,650","94,220","-0,43%"
30.04.2026,"94,670","93,990","94,690","93,960","0,53%"
29.04.2026,"94,170","94,540","94,540","94,170","-0,44%"
28.04.2026,"94,590","94,680","94,730","94,330","-0,24%"
27.04.2026,"94,820","94,930","95,070","94,770","-0,22%"
24.04.2026,"95,030","94,800","95,040","94,680","-0,06%"
23.04.2026,"95,090","94,810","95,100","94,780","-0,05%"
22.04.2026,"95,140","95,350","95,410","95,100","-0,05%"
21.04.2026,"95,190","95,580","95,620","95,160","-0,37%"
20.04.2026,"95,540","95,440","95,610","95,300","-0,15%"
17.04.2026,"95,680","94,910","95,890","94,910","0,78%"
16.04.2026,"94,940","95,220","95,260","94,920","-0,03%"
15.04.2026,"94,970","95,240","95,260","94,890","-0,09%"
14.04.2026,"95,060","94,760","95,080","94,740","0,65%"
13.04.2026,"94,450","94,560","94,800","94,430","-0,43%"
10.04.2026,"94,860","95,130","95,140","94,790","-0,23%"
09.04.2026,"95,080","95,220","95,220","94,810","-0,39%"
08.04.2026,"95,450","95,480","95,790","95,250","1,74%"
07.04.2026,"93,820","94,390","94,660","93,750","-0,80%"
02.04.2026,"94,580","94,170","94,660","93,970","-0,01%"
01.04.2026,"94,590","95,130","95,140","94,450","0,39%"
31.03.2026,"94,220","93,880","94,300","93,760","0,34%"
30.03.2026,"93,900","93,560","93,940","93,410","0,79%"
27.03.2026,"93,160","93,510","93,520","92,990","-0,59%"
26.03.2026,"93,710","94,150","94,180","93,710","-1,00%"
25.03.2026,"94,660","94,370","94,740","94,360","0,63%"
24.03.2026,"94,070","94,490","94,620","93,800","-0,23%"
23.03.2026,"94,290","93,470","95,000","93,000","0,26%"
20.03.2026,"94,050","95,170","95,200","94,000","-0,96%"
19.03.2026,"94,960","94,860","95,100","94,500","-0,36%"
18.03.2026,"95,300","95,850","95,930","95,150","-0,35%"
17.03.2026,"95,630","95,360","95,770","95,360","0,28%"
16.03.2026,"95,360","95,100","95,590","95,040","0,38%"
13.03.2026,"95,000","94,950","95,440","94,950","-0,28%"
12.03.2026,"95,270","95,450","95,680","95,100","-0,38%"
11.03.2026,"95,630","96,190","96,230","95,600","-0,88%"
10.03.2026,"96,480","96,640","96,700","96,160","0,58%"
09.03.2026,"95,920","94,900","95,930","94,760","0,09%"
06.03.2026,"95,830","96,330","96,360","95,560","-0,44%"
05.03.2026,"96,250","96,790","97,060","96,250","-0,91%"
04.03.2026,"97,130","96,810","97,180","96,700","0,42%"
03.03.2026,"96,720","97,140","97,190","96,600","-0,85%"
02.03.2026,"97,550","97,900","97,940","97,500","-0,50%"
27.02.2026,"98,040","97,880","98,060","97,820","0,15%"
26.02.2026,"97,890","97,830","97,950","97,790","0,04%"
25.02.2026,"97,850","97,810","97,880","97,770","0,05%"
24.02.2026,"97,800","97,780","97,850","97,760","0,03%"
23.02.2026,"97,770","97,680","97,790","97,630","0,11%"
20.02.2026,"97,660","97,660","97,680","97,590","0,06%"
19.02.2026,"97,600","97,540","97,600","97,490","-0,03%"
18.02.2026,"97,630","97,610","97,680","97,560","0,02%"
17.02.2026,"97,610","97,660","97,680","97,590","0,06%"
16.02.2026,"97,550","97,650","97,680","97,500","0,00%"
13.02.2026,"97,550","97,490","97,600","97,430","0,13%"
12.02.2026,"97,420","97,320","97,460","97,280","0,08%"
11.02.2026,"97,340","97,340","97,340","97,180","0,04%"
10.02.2026,"97,300","97,120","97,300","97,120","0,25%"
09.02.2026,"97,060","96,990","97,090","96,900","0,11%"
06.02.2026,"96,950","97,000","97,080","96,920","0,05%"
05.02.2026,"96,900","96,820","96,940","96,780","-0,02%"
04.02.2026,"96,920","96,820","96,940","96,820","0,10%"
03.02.2026,"96,820","96,830","96,850","96,710","-0,05%"
02.02.2026,"96,870","96,950","97,030","96,830","-0,12%"
30.01.2026,"96,990","97,010","97,060","96,930","-0,10%"
29.01.2026,"97,090","97,010","97,100","96,940","0,13%"
28.01.2026,"96,960","97,010","97,050","96,940","0,05%"
27.01.2026,"96,910","96,840","96,950","96,780","0,01%"
26.01.2026,"96,900","96,710","96,930","96,700","0,26%"
23.01.2026,"96,650","96,660","96,740","96,570","-0,06%"
22.01.2026,"96,710","96,620","96,770","96,580","0,11%"
21.01.2026,"96,600","96,830","96,880","96,560","-0,11%"
20.01.2026,"96,710","96,740","96,750","96,510","-0,22%"
19.01.2026,"96,920","96,920","96,980","96,830","0,10%"
16.01.2026,"96,820","96,940","96,950","96,780","-0,11%"
15.01.2026,"96,930","96,900","96,960","96,840","0,05%"
14.01.2026,"96,880","96,770","96,890","96,700","0,17%"
13.01.2026,"96,720","96,710","96,760","96,630","-0,12%"
12.01.2026,"96,840","96,640","97,400","96,600","0,21%"
09.01.2026,"96,640","96,590","96,720","96,580","0,12%"
08.01.2026,"96,520","96,540","96,580","96,390","-0,06%"
07.01.2026,"96,580","96,600","96,730","96,510","0,12%"
06.01.2026,"96,460","96,160","96,500","96,160","0,25%"
05.01.2026,"96,220","96,060","96,230","96,030","0,14%"
02.01.2026,"96,090","96,170","96,240","96,030","-0,22%"
30.12.2025,"96,300","96,540","96,550","96,300","-0,30%"
29.12.2025,"96,590","96,400","96,590","96,370","0,35%"
23.12.2025,"96,250","96,150","96,300","96,120","0,24%"
22.12.2025,"96,020","96,110","96,190","95,930","-0,07%"
19.12.2025,"96,090","96,340","96,360","96,090","-0,30%"
18.12.2025,"96,380","96,300","96,390","96,090","0,19%"
17.12.2025,"96,200","96,440","96,450","96,140","-0,09%"
16.12.2025,"96,290","96,180","96,300","96,170","0,12%"
15.12.2025,"96,170","96,170","96,280","96,140","0,10%"
12.12.2025,"96,070","96,150","96,200","95,980","-0,08%"
11.12.2025,"96,150","95,970","96,160","95,930","0,18%"
10.12.2025,"95,980","95,940","96,000","95,650","0,07%"
09.12.2025,"95,910","95,860","96,040","95,810","-0,04%"
08.12.2025,"95,950","96,340","96,370","95,870","-0,53%"
05.12.2025,"96,460","96,540","96,620","96,450","-0,11%"
04.12.2025,"96,570","96,700","96,740","96,520","-0,18%"
03.12.2025,"96,740","96,690","96,850","96,650","0,09%"
02.12.2025,"96,650","96,650","96,690","96,570","0,00%"
01.12.2025,"96,650","96,870","96,880","96,630","-0,37%"
28.11.2025,"97,010","96,990","97,080","96,950","-0,02%"
27.11.2025,"97,030","97,110","97,110","96,960","-0,08%"
26.11.2025,"97,110","96,960","97,150","96,930","0,08%"
25.11.2025,"97,030","96,750","97,050","96,740","0,22%"
24.11.2025,"96,820","96,830","96,870","96,730","0,11%"
21.11.2025,"96,710","96,740","96,890","96,710","0,03%"
20.11.2025,"96,680","96,780","96,780","96,520","-0,02%"
19.11.2025,"96,700","96,750","96,930","96,680","0,03%"
18.11.2025,"96,670","96,740","96,830","96,670","-0,03%"
17.11.2025,"96,700","96,600","96,830","96,570","0,05%"
14.11.2025,"96,650","96,690","96,770","96,620","-0,25%"
13.11.2025,"96,890","97,110","97,230","96,850","-0,27%"
12.11.2025,"97,150","96,990","97,200","96,900","0,11%"
11.11.2025,"97,040","96,930","97,060","96,910","0,05%"
10.11.2025,"96,990","96,780","97,020","96,740","0,17%"
07.11.2025,"96,830","96,870","96,950","96,790","-0,09%"
06.11.2025,"96,920","96,950","97,000","96,880","0,00%"
05.11.2025,"96,920","97,080","97,120","96,890","-0,16%"
04.11.2025,"97,080","97,020","97,120","97,010","0,05%"
03.11.2025,"97,030","97,140","97,190","97,020","-0,12%"
31.10.2025,"97,150","97,020","97,150","97,000","0,08%"
30.10.2025,"97,070","97,030","97,090","96,890","-0,08%"
29.10.2025,"97,150","97,120","97,200","97,090","0,09%"
28.10.2025,"97,060","97,140","97,140","97,040","-0,05%"
27.10.2025,"97,110","96,910","97,140","96,910","0,12%"
24.10.2025,"96,990","97,300","97,310","96,950","-0,31%"
23.10.2025,"97,290","97,330","97,370","97,250","-0,10%"
22.10.2025,"97,390","97,450","97,500","97,330","-0,04%"
21.10.2025,"97,430","97,350","97,430","97,280","0,16%"
20.10.2025,"97,270","97,190","97,280","97,130","0,06%"
17.10.2025,"97,210","97,450","97,480","97,190","-0,13%"
16.10.2025,"97,340","97,140","97,370","97,140","0,07%"
15.10.2025,"97,270","97,110","97,300","97,050","0,34%"
14.10.2025,"96,940","96,830","96,970","96,820","0,20%"
13.10.2025,"96,750","96,610","96,750","96,550","0,14%"
10.10.2025,"96,610","96,380","96,640","96,340","0,33%"
09.10.2025,"96,290","96,440","96,500","96,280","-0,20%"
08.10.2025,"96,480","96,250","96,510","96,250","0,35%"
07.10.2025,"96,140","96,030","96,150","95,950","0,03%"
06.10.2025,"96,110","96,150","96,150","95,980","-0,16%"
03.10.2025,"96,260","96,230","96,270","96,150","0,09%"
02.10.2025,"96,170","96,180","96,260","96,050","-0,02%"
01.10.2025,"96,190","96,000","96,310","95,900","0,08%"
30.09.2025,"96,110","96,180","96,200","95,980","0,00%"
29.09.2025,"96,110","96,020","96,130","95,950","0,23%"
26.09.2025,"95,890","95,740","95,950","95,660","0,25%"
25.09.2025,"95,650","95,910","96,000","95,650","-0,35%"
24.09.2025,"95,990","96,130","96,130","95,920","-0,09%"
23.09.2025,"96,080","96,220","96,260","96,050","-0,03%"
22.09.2025,"96,110","96,130","96,190","96,090","-0,01%"
19.09.2025,"96,120","96,160","96,180","96,070","-0,10%"
18.09.2025,"96,220","96,540","96,540","96,180","-0,24%"
17.09.2025,"96,450","96,480","96,510","96,380","0,09%"
16.09.2025,"96,360","96,500","96,520","96,330","-0,07%"
15.09.2025,"96,430","96,230","96,440","96,200","0,27%"
12.09.2025,"96,170","96,490","96,490","96,110","-0,40%"
11.09.2025,"96,560","96,490","96,670","96,320","0,04%"
10.09.2025,"96,520","96,570","96,590","96,430","0,09%"
09.09.2025,"96,430","96,540","96,560","96,430","-0,11%"
08.09.2025,"96,540","96,360","96,600","96,350","0,17%"
05.09.2025,"96,380","96,140","96,510","96,000","0,44%"
04.09.2025,"95,960","95,800","96,010","95,740","0,25%"
03.09.2025,"95,720","95,430","95,740","95,330","0,38%"
02.09.2025,"95,360","95,570","95,600","95,280","-0,47%"
01.09.2025,"95,810","95,800","95,890","95,680","-0,09%"
29.08.2025,"95,900","96,140","96,140","95,880","-0,26%"
28.08.2025,"96,150","96,130","96,210","95,870","0,18%"
27.08.2025,"95,980","96,020","96,150","95,840","-0,07%"
26.08.2025,"96,050","95,890","96,050","95,790","0,25%"
25.08.2025,"95,810","96,110","96,120","95,780","-0,40%"
22.08.2025,"96,190","95,850","96,230","95,800","0,30%"
21.08.2025,"95,900","96,230","96,280","95,840","-0,32%"
20.08.2025,"96,210","96,060","96,220","96,020","0,23%"
19.08.2025,"95,990","95,940","96,070","95,900","0,01%"
18.08.2025,"95,980","95,910","96,180","95,910","-0,45%"
14.08.2025,"96,410","96,640","96,740","96,400","-0,18%"
13.08.2025,"96,580","96,230","96,580","96,230","0,51%"
12.08.2025,"96,090","96,330","96,380","95,990","-0,22%"
11.08.2025,"96,300","96,420","96,560","96,300","-0,07%"
08.08.2025,"96,370","96,660","96,690","96,300","-0,32%"
07.08.2025,"96,680","96,590","96,790","96,530","0,04%"
06.08.2025,"96,640","96,640","96,720","96,550","-0,12%"
05.08.2025,"96,760","96,680","96,850","96,570","0,16%"
04.08.2025,"96,610","96,230","96,620","96,080","0,39%"
01.08.2025,"96,230","95,960","96,460","95,850","0,05%"
31.07.2025,"96,180","96,230","96,250","96,060","0,11%"
30.07.2025,"96,070","96,110","96,280","95,980","-0,19%"
29.07.2025,"96,250","96,210","96,330","96,050","0,04%"
28.07.2025,"96,210","96,010","96,260","95,980","0,32%"
25.07.2025,"95,900","95,760","95,910","95,500","-0,17%"
24.07.2025,"96,060","96,370","96,410","95,990","-0,69%"
23.07.2025,"96,730","96,630","96,780","96,560","0,03%"
22.07.2025,"96,700","96,500","96,740","96,460","0,12%"
21.07.2025,"96,580","96,300","96,610","96,270","0,53%"
18.07.2025,"96,070","96,030","96,070","95,940","-0,06%"
17.07.2025,"96,130","95,950","96,170","95,890","0,11%"
16.07.2025,"96,020","95,800","96,140","95,770","0,16%"
15.07.2025,"95,870","95,910","96,160","95,870","0,15%"
14.07.2025,"95,730","95,810","95,860","95,700","-0,05%"
11.07.2025,"95,780","95,930","95,930","95,710","-0,17%"
10.07.2025,"95,940","96,250","96,270","95,870","-0,18%"
09.07.2025,"96,110","96,120","96,180","96,040","0,06%"
08.07.2025,"96,050","96,190","96,190","95,930","-0,26%"
07.07.2025,"96,300","96,610","96,630","96,280","-0,33%"
04.07.2025,"96,620","96,700","96,760","96,600","0,10%"
03.07.2025,"96,520","96,310","96,540","96,240","0,36%"
02.07.2025,"96,170","96,420","96,500","96,050","-0,40%"
01.07.2025,"96,560","96,510","96,780","96,500","0,17%"
30.06.2025,"96,400","96,490","96,550","96,360","0,12%"
27.06.2025,"96,280","96,540","96,550","96,180","-0,31%"
26.06.2025,"96,580","96,500","96,610","96,420","0,25%"
25.06.2025,"96,340","96,630","96,690","96,170","-0,13%"
24.06.2025,"96,470","96,530","96,540","96,220","0,13%"
23.06.2025,"96,340","95,960","96,360","95,920","0,16%"
20.06.2025,"96,190","96,330","96,390","96,030","0,08%"
19.06.2025,"96,110","96,260","96,330","96,100","-0,39%"
18.06.2025,"96,490","96,240","96,510","96,130","0,19%"
17.06.2025,"96,310","96,350","96,540","96,250","-0,23%"
16.06.2025,"96,530","96,240","96,610","96,060","0,20%"
13.06.2025,"96,340","96,780","96,790","96,280","-0,49%"
12.06.2025,"96,810","96,740","96,840","96,610","0,23%"
11.06.2025,"96,590","96,520","96,740","96,450","0,03%"
10.06.2025,"96,560","96,390","96,630","96,350","0,27%"
09.06.2025,"96,300","96,380","96,700","96,120","0,01%"
06.06.2025,"96,290","96,110","96,450","96,110","0,34%"
05.06.2025,"95,960","96,500","96,690","95,950","-0,49%"
04.06.2025,"96,430","96,530","96,530","96,290","-0,08%"
03.06.2025,"96,510","96,540","96,610","96,410","0,07%"
02.06.2025,"96,440","96,320","96,440","96,080","-0,02%"
30.05.2025,"96,460","96,450","96,500","96,220","0,01%"
29.05.2025,"96,450","96,000","96,450","95,880","0,30%"
28.05.2025,"96,160","96,090","96,250","95,970","0,02%"
27.05.2025,"96,140","96,200","96,290","95,970","0,14%"
26.05.2025,"96,010","95,750","96,020","95,610","0,24%"
23.05.2025,"95,780","95,610","95,900","95,420","0,39%"
22.05.2025,"95,410","95,440","95,510","95,270","-0,16%"
21.05.2025,"95,560","95,550","95,590","95,140","-0,08%"
20.05.2025,"95,640","95,620","95,880","95,570","-0,13%"
19.05.2025,"95,760","95,590","95,760","95,180","0,09%"
16.05.2025,"95,670","95,670","95,790","95,580","0,22%"
15.05.2025,"95,460","95,010","95,460","94,970","0,53%"
14.05.2025,"94,960","95,000","95,240","94,960","-0,09%"
13.05.2025,"95,050","95,130","95,170","94,990","-0,16%"
12.05.2025,"95,200","95,460","95,470","95,150","-0,51%"
09.05.2025,"95,690","95,710","95,730","95,440","-0,24%"
08.05.2025,"95,920","96,080","96,140","95,880","-0,14%"
07.05.2025,"96,050","95,570","96,050","95,570","0,44%"
06.05.2025,"95,630","95,580","95,670","95,440","-0,08%"
05.05.2025,"95,710","95,580","95,730","95,550","0,08%"
02.05.2025,"95,630","95,790","95,920","95,600","-0,33%"
30.04.2025,"95,950","95,740","95,950","95,710","0,26%"
29.04.2025,"95,700","95,620","95,740","95,540","0,05%"
28.04.2025,"95,650","95,720","95,800","95,550","-0,13%"
25.04.2025,"95,770","95,960","96,030","95,730","-0,30%"
24.04.2025,"96,060","95,560","96,090","95,560","0,67%"
23.04.2025,"95,420","95,510","95,650","95,390","-0,17%"
22.04.2025,"95,580","95,360","95,580","95,300","0,21%"
17.04.2025,"95,380","95,020","95,430","94,750","0,35%"
16.04.2025,"95,050","95,000","95,100","94,820","0,31%"
15.04.2025,"94,760","95,050","95,070","94,740","-0,20%"
14.04.2025,"94,950","94,520","95,000","94,450","0,74%"
11.04.2025,"94,250","94,170","94,420","93,830","-0,08%"
10.04.2025,"94,330","93,780","94,330","93,730","0,44%"
09.04.2025,"93,920","93,360","93,940","93,290","-0,01%"
08.04.2025,"93,930","94,120","94,400","93,820","-0,09%"
07.04.2025,"94,010","94,460","94,760","93,980","-0,63%"
04.04.2025,"94,610","94,720","94,990","94,520","0,16%"
03.04.2025,"94,460","94,470","94,580","94,370","0,33%"
02.04.2025,"94,150","94,310","94,390","94,090","-0,29%"
01.04.2025,"94,420","94,100","94,440","94,080","0,55%"
31.03.2025,"93,900","94,200","94,240","93,820","-0,04%"
28.03.2025,"93,940","94,030","94,080","93,880","0,25%"
27.03.2025,"93,710","93,740","93,850","93,630","0,18%"
26.03.2025,"93,540","93,620","93,700","93,510","-0,05%"
25.03.2025,"93,590","93,570","93,660","93,370","-0,06%"
24.03.2025,"93,650","93,510","93,750","93,510","0,01%"
21.03.2025,"93,640","93,490","93,690","93,450","0,21%"
20.03.2025,"93,440","93,540","93,640","93,440","0,01%"
19.03.2025,"93,430","93,510","93,530","93,310","0,18%"
18.03.2025,"93,260","93,280","93,320","93,080","-0,17%"
17.03.2025,"93,420","92,890","93,420","92,800","0,58%"
14.03.2025,"92,880","92,860","92,880","92,520","-0,01%"
13.03.2025,"92,890","92,790","92,970","92,580","0,08%"
12.03.2025,"92,820","92,720","92,890","92,580","0,08%"
11.03.2025,"92,750","92,960","92,990","92,700","-0,27%"
10.03.2025,"93,000","93,010","93,240","93,000","0,06%"
07.03.2025,"92,940","92,790","93,330","92,760","0,26%"
06.03.2025,"92,700","92,650","93,000","92,550","-0,63%"
05.03.2025,"93,290","94,290","94,440","93,170","-1,86%"
04.03.2025,"95,060","95,340","95,520","95,060","-0,09%"
03.03.2025,"95,150","95,450","95,580","94,990","-0,49%"
28.02.2025,"95,620","95,580","95,670","95,470","0,14%"
27.02.2025,"95,490","95,450","95,490","95,260","0,07%"
26.02.2025,"95,420","95,190","95,500","95,190","0,25%"
25.02.2025,"95,180","95,030","95,220","95,000","0,15%"
24.02.2025,"95,040","95,010","95,060","94,810","0,05%"
21.02.2025,"94,990","94,680","94,990","94,680","0,40%"
20.02.2025,"94,610","94,510","94,610","94,450","0,12%"
19.02.2025,"94,500","94,950","94,980","94,410","-0,57%"
18.02.2025,"95,040","94,900","95,090","94,900","-0,05%"
17.02.2025,"95,090","94,810","95,090","94,720","-0,12%"
14.02.2025,"95,200","95,360","95,820","95,140","-0,21%"
13.02.2025,"95,400","94,980","95,460","94,960","0,50%"
12.02.2025,"94,930","95,140","95,190","94,880","-0,23%"
11.02.2025,"95,150","95,480","96,030","95,040","-0,53%"
10.02.2025,"95,660","95,580","95,710","95,510","0,12%"
07.02.2025,"95,550","95,730","95,800","95,370","-0,18%"
06.02.2025,"95,720","95,590","95,780","95,400","0,07%"
05.02.2025,"95,650","95,550","95,800","95,480","0,29%"
04.02.2025,"95,370","95,280","95,370","95,050","0,02%"
03.02.2025,"95,350","94,980","95,440","94,930","0,35%"
31.01.2025,"95,020","94,710","95,030","94,630","0,39%"
30.01.2025,"94,650","94,440","94,780","94,440","0,33%"
29.01.2025,"94,340","94,550","94,610","94,300","0,04%"
28.01.2025,"94,300","94,350","94,480","94,300","-0,14%"
27.01.2025,"94,430","94,400","94,590","94,340","0,19%"
24.01.2025,"94,250","94,430","94,500","94,070","-0,13%"
23.01.2025,"94,370","94,630","94,660","94,210","-0,27%"
22.01.2025,"94,630","94,710","94,900","94,630","-0,03%"
21.01.2025,"94,660","94,540","94,710","94,390","0,13%"
20.01.2025,"94,540","94,440","94,540","94,190","0,21%"
17.01.2025,"94,340","94,420","94,580","94,340","0,10%"
16.01.2025,"94,250","94,010","94,260","93,800","0,17%"
15.01.2025,"94,090","93,270","94,160","93,180","1,09%"
14.01.2025,"93,080","93,380","93,420","93,020","-0,03%"
13.01.2025,"93,110","93,320","93,320","92,940","-0,41%"
10.01.2025,"93,490","93,690","93,790","93,450","-0,47%"
09.01.2025,"93,930","93,830","94,100","93,800","-0,13%"
08.01.2025,"94,050","94,420","94,500","94,040","-0,38%"
07.01.2025,"94,410","94,730","94,760","94,330","-0,32%"
06.01.2025,"94,710","94,550","94,760","94,500","0,14%"
03.01.2025,"94,580","95,110","95,140","94,550","-0,54%"
02.01.2025,"95,090","95,060","95,420","95,030","0,05%"
